[
{
  "model": "contenttypes.contenttype",
  "fields": {
    "app_label": "admin",
    "model": "logentry"
  }
},
{
  "model": "contenttypes.contenttype",
  "fields": {
    "app_label": "auth",
    "model": "permission"
  }
},
{
  "model": "contenttypes.contenttype",
  "fields": {
    "app_label": "auth",
    "model": "group"
  }
},
{
  "model": "contenttypes.contenttype",
  "fields": {
    "app_label": "auth",
    "model": "user"
  }
},
{
  "model": "contenttypes.contenttype",
  "fields": {
    "app_label": "contenttypes",
    "model": "contenttype"
  }
},
{
  "model": "contenttypes.contenttype",
  "fields": {
    "app_label": "sessions",
    "model": "session"
  }
},
{
  "model": "contenttypes.contenttype",
  "fields": {
    "app_label": "boxes",
    "model": "box"
  }
},
{
  "model": "contenttypes.contenttype",
  "fields": {
    "app_label": "boxes",
    "model": "boxproduct"
  }
},
{
  "model": "contenttypes.contenttype",
  "fields": {
    "app_label": "users",
    "model": "shippingaddress"
  }
},
{
  "model": "contenttypes.contenttype",
  "fields": {
    "app_label": "orders",
    "model": "stripesubscriptionmeta"
  }
},
{
  "model": "contenttypes.contenttype",
  "fields": {
    "app_label": "orders",
    "model": "order"
  }
},
{
  "model": "contenttypes.contenttype",
  "fields": {
    "app_label": "orders",
    "model": "payment"
  }
},
{
  "model": "sessions.session",
  "pk": "mbn462z8yacvaud2t9k58upzgw2rutg7",
  "fields": {
    "session_data": ".eJxVjMsOwiAQRf-FtSEMUB4u3fsNhIFBqgaS0q6M_65NutDtPefcFwtxW2vYBi1hzuzMgJ1-N4zpQW0H-R7brfPU27rMyHeFH3Twa8_0vBzu30GNo35rCaBskco4SMIAgsboJII0yk3odPbkFZriiyclACcikZP1OtuUSBj2_gC34jdx:1u6sL7:rdOihQo0EhB_g9QUrzuMcNnivWkOnuVY8EvnAv7V32A",
    "expire_date": "2025-05-05T14:41:41.002Z"
  }
},
{
  "model": "sessions.session",
  "pk": "xdcvt57s3ssmbvgr32ehbvo9wzlfdzrc",
  "fields": {
    "session_data": ".eJxVjMsOwiAQRf-FtSEMUB4u3fsNhIFBqgaS0q6M_65NutDtPefcFwtxW2vYBi1hzuzMgJ1-N4zpQW0H-R7brfPU27rMyHeFH3Twa8_0vBzu30GNo35rCaBskco4SMIAgsboJII0yk3odPbkFZriiyclACcikZP1OtuUSBj2_gC34jdx:1u4g9v:gjXYXZBmO8NOiyaaawlwnrNQmHZ4E7WZJ8gqaJLsgyk",
    "expire_date": "2025-04-29T13:17:03.381Z"
  }
},
{
  "model": "boxes.box",
  "pk": 3,
  "fields": {
    "name": "Frostfront Skirmish",
    "slug": "frostfront-skirmish",
    "description": "A winter-themed set packed with frosty miniatures, icy terrain pieces, and cold-weather gear for your forces.",
    "image": "image/upload/box_images/frostfront_skirmish_lczxhj",
    "shipping_date": "2025-01-01",
    "is_archived": true,
    "created_at": "2025-04-07T20:28:53.241Z"
  }
},
{
  "model": "boxes.box",
  "pk": 4,
  "fields": {
    "name": "Forbidden Workshop",
    "slug": "forbidden-workshop",
    "description": "This box features hobby tools and modelling gear,  perfect for kitbashers and convertors.",
    "image": "image/upload/box_images/forbidden_workshop_jzvbjq",
    "shipping_date": "2025-02-01",
    "is_archived": true,
    "created_at": "2025-04-07T20:28:53.341Z"
  }
},
{
  "model": "boxes.box",
  "pk": 5,
  "fields": {
    "name": "March of Iron",
    "slug": "march-of-iron",
    "description": "Heavy armor, metal minis, and industrial basing materials. Gritty and hard-hitting contents this month.",
    "image": "image/upload/box_images/march_of_iron_mllajo",
    "shipping_date": "2025-03-01",
    "is_archived": true,
    "created_at": "2025-04-07T20:28:53.456Z"
  }
},
{
  "model": "boxes.box",
  "pk": 6,
  "fields": {
    "name": "Spring Offensive",
    "slug": "spring-offensive",
    "description": "Bright new paints, scenic groundwork, and jungle-themed models to kick off spring campaigns.",
    "image": "image/upload/box_images/spring_offensive_ehzwlu",
    "shipping_date": "2025-04-01",
    "is_archived": false,
    "created_at": "2025-04-07T20:28:53.567Z"
  }
},
{
  "model": "boxes.box",
  "pk": 7,
  "fields": {
    "name": "Wasteland Rally",
    "slug": "wasteland-rally",
    "description": "Desert raiders, scrap terrain kits, and weathering tools for post-apocalyptic vibes.",
    "image": "image/upload/box_images/wasteland_rally_ravzab",
    "shipping_date": "2025-05-01",
    "is_archived": false,
    "created_at": "2025-04-07T20:28:53.679Z"
  }
},
{
  "model": "boxes.boxproduct",
  "pk": 11,
  "fields": {
    "box": 3,
    "name": "Pin Vise Drill",
    "image": "image/upload/v1745264565/ixjepkqvplmdtyqdvqds.png",
    "description": "Pin Vise Drill - A high quality tool for your hobby needs.",
    "quantity": 1
  }
},
{
  "model": "boxes.boxproduct",
  "pk": 12,
  "fields": {
    "box": 3,
    "name": "Iron Juggernauts",
    "image": "image/upload/v1745264300/g2rydlqpfwezzm7vqt6h.png",
    "description": "Iron Juggernauts - A set of high quality minis for your hobby needs.",
    "quantity": 3
  }
},
{
  "model": "boxes.boxproduct",
  "pk": 13,
  "fields": {
    "box": 3,
    "name": "Precision File",
    "image": "image/upload/v1745264528/pzs8rlzz2igjb1dgm2ee.png",
    "description": "Precision File - A high quality tool for your hobby needs.",
    "quantity": 1
  }
},
{
  "model": "boxes.boxproduct",
  "pk": 14,
  "fields": {
    "box": 3,
    "name": "Molten Steel",
    "image": "image/upload/v1745264402/awv1c56g1t63hudbjpg1.png",
    "description": "Molten Steel - A high quality paint for your hobby needs.",
    "quantity": 1
  }
},
{
  "model": "boxes.boxproduct",
  "pk": 15,
  "fields": {
    "box": 3,
    "name": "Glacier Blue",
    "image": "image/upload/v1745264292/fschqkpkxbqe0izcd05g.png",
    "description": "Glacier Blue - A high quality paint for your hobby needs.",
    "quantity": 5
  }
},
{
  "model": "boxes.boxproduct",
  "pk": 16,
  "fields": {
    "box": 3,
    "name": "Toxic Waste Green",
    "image": "image/upload/v1745264492/tm0c4y271bcfww5e3vm3.png",
    "description": "Toxic Waste Green - A high quality paint for your hobby needs.",
    "quantity": 1
  }
},
{
  "model": "boxes.boxproduct",
  "pk": 17,
  "fields": {
    "box": 3,
    "name": "Frost Raider",
    "image": "image/upload/v1745264265/y1sbvbdpgiplslddtsec.png",
    "description": "Frost Raider - A high quality mini for your hobby needs.",
    "quantity": 5
  }
},
{
  "model": "boxes.boxproduct",
  "pk": 18,
  "fields": {
    "box": 3,
    "name": "Mold Line Remover",
    "image": "image/upload/v1745264359/fkqqfbueiutxmps1l39b.png",
    "description": "Mold Line Remover - A high quality tool for your hobby needs.",
    "quantity": 1
  }
},
{
  "model": "boxes.boxproduct",
  "pk": 19,
  "fields": {
    "box": 4,
    "name": "Wasteland Nomads",
    "image": "image/upload/v1745264439/g1t8qbpxm2xwrb5wnfym.png",
    "description": "Wasteland Nomads - A trio high-quality minis for your hobby needs.",
    "quantity": 3
  }
},
{
  "model": "boxes.boxproduct",
  "pk": 20,
  "fields": {
    "box": 4,
    "name": "Tundra White",
    "image": "image/upload/v1745264460/gxc9dwcphqmsfpaovfie.png",
    "description": "Tundra White - A high quality paint for your hobby needs.",
    "quantity": 4
  }
},
{
  "model": "boxes.boxproduct",
  "pk": 21,
  "fields": {
    "box": 4,
    "name": "Pin Vise Drill",
    "image": "image/upload/v1745264557/jwwq5xrcrcjvb1alxojm.png",
    "description": "Pin Vise Drill - A high quality tool for your hobby needs.",
    "quantity": 1
  }
},
{
  "model": "boxes.boxproduct",
  "pk": 22,
  "fields": {
    "box": 4,
    "name": "Fine Detail Brush",
    "image": "image/upload/v1745264241/sqbfnolqpbyvlcz0wehn.png",
    "description": "Fine Detail Brush - A high quality brush for your hobby needs.",
    "quantity": 1
  }
},
{
  "model": "boxes.boxproduct",
  "pk": 23,
  "fields": {
    "box": 4,
    "name": "Mold Line Remover",
    "image": "image/upload/v1745264351/eq5mfnsjbew69ghlw5kf.png",
    "description": "Mold Line Remover - A high quality tool for your hobby needs.",
    "quantity": 1
  }
},
{
  "model": "boxes.boxproduct",
  "pk": 24,
  "fields": {
    "box": 4,
    "name": "Drybrush",
    "image": "image/upload/v1745264216/ref71rxq16dlsvfppgc7.png",
    "description": "Drybrush - A high quality brush for your hobby needs.",
    "quantity": 1
  }
},
{
  "model": "boxes.boxproduct",
  "pk": 25,
  "fields": {
    "box": 4,
    "name": "Frost Raider",
    "image": "image/upload/v1745264256/eqzu5hufg5ijqlqis50b.png",
    "description": "Frost Raider - A high quality mini for your hobby needs.",
    "quantity": 4
  }
},
{
  "model": "boxes.boxproduct",
  "pk": 26,
  "fields": {
    "box": 4,
    "name": "Wash Brush",
    "image": "image/upload/v1745264452/ubrzc7bj24sqcxg83zae.png",
    "description": "Wash Brush - A high quality brush for your hobby needs.",
    "quantity": 2
  }
},
{
  "model": "boxes.boxproduct",
  "pk": 27,
  "fields": {
    "box": 5,
    "name": "Toxic Waste Green",
    "image": "image/upload/v1745264479/lcngirlghinjx6a8erzb.png",
    "description": "Toxic Waste Green - A high quality paint for your hobby needs.",
    "quantity": 1
  }
},
{
  "model": "boxes.boxproduct",
  "pk": 28,
  "fields": {
    "box": 5,
    "name": "Basecoat Brush",
    "image": "image/upload/v1745264187/mccgt987sg7hsuuhcfx7.png",
    "description": "Basecoat Brush - A high quality brush for your hobby needs.",
    "quantity": 1
  }
},
{
  "model": "boxes.boxproduct",
  "pk": 29,
  "fields": {
    "box": 5,
    "name": "Pale Sand",
    "image": "image/upload/v1745264424/xtpdjwli4qr2ellkvzln.png",
    "description": "Pale Sand - A high quality paint for your hobby needs.",
    "quantity": 1
  }
},
{
  "model": "boxes.boxproduct",
  "pk": 30,
  "fields": {
    "box": 5,
    "name": "Jungle Green",
    "image": "image/upload/v1745264318/whcd6bmvkaumuep4lcih.png",
    "description": "Jungle Green- A high quality paint for your hobby needs.",
    "quantity": 1
  }
},
{
  "model": "boxes.boxproduct",
  "pk": 31,
  "fields": {
    "box": 5,
    "name": "Glacier Blue",
    "image": "image/upload/v1745264284/ejbohbt2ylwq9gbw8gso.png",
    "description": "Glacier Blue - A high quality paint for your hobby needs.",
    "quantity": 4
  }
},
{
  "model": "boxes.boxproduct",
  "pk": 32,
  "fields": {
    "box": 5,
    "name": "Molten Steel",
    "image": "image/upload/v1745264393/mj3f8oiljajmyorszlka.png",
    "description": "Molten Steel - A high quality paint for your hobby needs.",
    "quantity": 1
  }
},
{
  "model": "boxes.boxproduct",
  "pk": 33,
  "fields": {
    "box": 5,
    "name": "Frost Raider",
    "image": "image/upload/v1745264249/pehxkabjnx4chgesz5w5.png",
    "description": "Frost Raider - A high quality mini for your hobby needs.",
    "quantity": 5
  }
},
{
  "model": "boxes.boxproduct",
  "pk": 34,
  "fields": {
    "box": 5,
    "name": "Fine Detail Brush",
    "image": "image/upload/v1745264230/xb9hnpbp8jmirw0ixsgy.png",
    "description": "Fine Detail Brush - A high quality brush for your hobby needs.",
    "quantity": 1
  }
},
{
  "model": "boxes.boxproduct",
  "pk": 35,
  "fields": {
    "box": 6,
    "name": "Basecoat Brush",
    "image": "image/upload/v1745264177/uakjd9xcanrowvlafzux.png",
    "description": "Basecoat Brush - A high quality brush for your hobby needs.",
    "quantity": 1
  }
},
{
  "model": "boxes.boxproduct",
  "pk": 36,
  "fields": {
    "box": 6,
    "name": "Molten Steel",
    "image": "image/upload/v1745264381/gqaph5ypirwllgwjjl0s.png",
    "description": "Molten Steel - A high quality paint for your hobby needs.",
    "quantity": 1
  }
},
{
  "model": "boxes.boxproduct",
  "pk": 37,
  "fields": {
    "box": 6,
    "name": "Precision File",
    "image": "image/upload/v1745264513/vlnw5kiquribjkwhuilk.png",
    "description": "Precision File - A high quality tool for your hobby needs.",
    "quantity": 1
  }
},
{
  "model": "boxes.boxproduct",
  "pk": 38,
  "fields": {
    "box": 6,
    "name": "Scrap Golem",
    "image": "image/upload/v1745264502/tvnhqgfbtax0qv1pav1y.png",
    "description": "Scrap Golem - A high quality mini for your hobby needs.",
    "quantity": 2
  }
},
{
  "model": "boxes.boxproduct",
  "pk": 39,
  "fields": {
    "box": 6,
    "name": "Pin Vise Drill",
    "image": "image/upload/v1745264548/ymcvvupeyjglkvw8qhqg.png",
    "description": "Pin Vise Drill - A high quality tool for your hobby needs.",
    "quantity": 1
  }
},
{
  "model": "boxes.boxproduct",
  "pk": 40,
  "fields": {
    "box": 6,
    "name": "Drybrush",
    "image": "image/upload/v1745264208/ohrluwlp3nrkkjouunct.png",
    "description": "Drybrush - A high quality brush for your hobby needs.",
    "quantity": 1
  }
},
{
  "model": "boxes.boxproduct",
  "pk": 41,
  "fields": {
    "box": 6,
    "name": "Pale Sand",
    "image": "image/upload/v1745264413/vliw6ewnajpv5yio3cte.png",
    "description": "Pale Sand - A high quality paint for your hobby needs.",
    "quantity": 1
  }
},
{
  "model": "boxes.boxproduct",
  "pk": 42,
  "fields": {
    "box": 6,
    "name": "Mold Line Remover",
    "image": "image/upload/v1745264343/d4cjscv6wall0siqdyrt.png",
    "description": "Mold Line Remover - A high quality tool for your hobby needs.",
    "quantity": 1
  }
},
{
  "model": "boxes.boxproduct",
  "pk": 43,
  "fields": {
    "box": 7,
    "name": "Glacier Blue",
    "image": "image/upload/v1745264277/cpiiqeywq5lyqxsy4lpp.png",
    "description": "Glacier Blue - A high quality paint for your hobby needs.",
    "quantity": 1
  }
},
{
  "model": "boxes.boxproduct",
  "pk": 44,
  "fields": {
    "box": 7,
    "name": "Mold Line Remover",
    "image": "image/upload/v1745264333/tyrbtj1dihktnqbgeosf.png",
    "description": "Mold Line Remover - A high quality tool for your hobby needs.",
    "quantity": 1
  }
},
{
  "model": "boxes.boxproduct",
  "pk": 45,
  "fields": {
    "box": 7,
    "name": "Wash Brush",
    "image": "image/upload/v1745264446/fat5zk5zmxqgkey5uupd.png",
    "description": "Wash Brush - A high quality brush for your hobby needs.",
    "quantity": 1
  }
},
{
  "model": "boxes.boxproduct",
  "pk": 46,
  "fields": {
    "box": 7,
    "name": "Fine Detail Brush",
    "image": "image/upload/v1745264223/hw8f1liecyjrmbqpp5cr.png",
    "description": "Fine Detail Brush - A high quality brush for your hobby needs.",
    "quantity": 1
  }
},
{
  "model": "boxes.boxproduct",
  "pk": 47,
  "fields": {
    "box": 7,
    "name": "Toxic Waste Green",
    "image": "image/upload/v1745264468/dnutn1vageljytbj3viz.png",
    "description": "Toxic Waste Green - A high quality paint for your hobby needs.",
    "quantity": 1
  }
},
{
  "model": "boxes.boxproduct",
  "pk": 48,
  "fields": {
    "box": 7,
    "name": "Drybrush",
    "image": "image/upload/v1745264195/yvnhbqyz718ns1fasef7.png",
    "description": "Drybrush - A high quality brush for your hobby needs.",
    "quantity": 1
  }
},
{
  "model": "boxes.boxproduct",
  "pk": 49,
  "fields": {
    "box": 7,
    "name": "Jungle Fighters",
    "image": "image/upload/v1745264308/kwnxzpubkjewlxjohzh1.png",
    "description": "Jungle Fighters - Six high-quality minis for your hobby needs.",
    "quantity": 6
  }
},
{
  "model": "boxes.boxproduct",
  "pk": 50,
  "fields": {
    "box": 7,
    "name": "Pin Vise Drill",
    "image": "image/upload/v1745264537/vvmctpeiefn17q7pg05z.png",
    "description": "Pin Vise Drill - A high quality tool for your hobby needs.",
    "quantity": 1
  }
},
{
  "model": "auth.permission",
  "fields": {
    "name": "Can add log entry",
    "content_type": [
      "admin",
      "logentry"
    ],
    "codename": "add_logentry"
  }
},
{
  "model": "auth.permission",
  "fields": {
    "name": "Can change log entry",
    "content_type": [
      "admin",
      "logentry"
    ],
    "codename": "change_logentry"
  }
},
{
  "model": "auth.permission",
  "fields": {
    "name": "Can delete log entry",
    "content_type": [
      "admin",
      "logentry"
    ],
    "codename": "delete_logentry"
  }
},
{
  "model": "auth.permission",
  "fields": {
    "name": "Can view log entry",
    "content_type": [
      "admin",
      "logentry"
    ],
    "codename": "view_logentry"
  }
},
{
  "model": "auth.permission",
  "fields": {
    "name": "Can add permission",
    "content_type": [
      "auth",
      "permission"
    ],
    "codename": "add_permission"
  }
},
{
  "model": "auth.permission",
  "fields": {
    "name": "Can change permission",
    "content_type": [
      "auth",
      "permission"
    ],
    "codename": "change_permission"
  }
},
{
  "model": "auth.permission",
  "fields": {
    "name": "Can delete permission",
    "content_type": [
      "auth",
      "permission"
    ],
    "codename": "delete_permission"
  }
},
{
  "model": "auth.permission",
  "fields": {
    "name": "Can view permission",
    "content_type": [
      "auth",
      "permission"
    ],
    "codename": "view_permission"
  }
},
{
  "model": "auth.permission",
  "fields": {
    "name": "Can add group",
    "content_type": [
      "auth",
      "group"
    ],
    "codename": "add_group"
  }
},
{
  "model": "auth.permission",
  "fields": {
    "name": "Can change group",
    "content_type": [
      "auth",
      "group"
    ],
    "codename": "change_group"
  }
},
{
  "model": "auth.permission",
  "fields": {
    "name": "Can delete group",
    "content_type": [
      "auth",
      "group"
    ],
    "codename": "delete_group"
  }
},
{
  "model": "auth.permission",
  "fields": {
    "name": "Can view group",
    "content_type": [
      "auth",
      "group"
    ],
    "codename": "view_group"
  }
},
{
  "model": "auth.permission",
  "fields": {
    "name": "Can add user",
    "content_type": [
      "auth",
      "user"
    ],
    "codename": "add_user"
  }
},
{
  "model": "auth.permission",
  "fields": {
    "name": "Can change user",
    "content_type": [
      "auth",
      "user"
    ],
    "codename": "change_user"
  }
},
{
  "model": "auth.permission",
  "fields": {
    "name": "Can delete user",
    "content_type": [
      "auth",
      "user"
    ],
    "codename": "delete_user"
  }
},
{
  "model": "auth.permission",
  "fields": {
    "name": "Can view user",
    "content_type": [
      "auth",
      "user"
    ],
    "codename": "view_user"
  }
},
{
  "model": "auth.permission",
  "fields": {
    "name": "Can add content type",
    "content_type": [
      "contenttypes",
      "contenttype"
    ],
    "codename": "add_contenttype"
  }
},
{
  "model": "auth.permission",
  "fields": {
    "name": "Can change content type",
    "content_type": [
      "contenttypes",
      "contenttype"
    ],
    "codename": "change_contenttype"
  }
},
{
  "model": "auth.permission",
  "fields": {
    "name": "Can delete content type",
    "content_type": [
      "contenttypes",
      "contenttype"
    ],
    "codename": "delete_contenttype"
  }
},
{
  "model": "auth.permission",
  "fields": {
    "name": "Can view content type",
    "content_type": [
      "contenttypes",
      "contenttype"
    ],
    "codename": "view_contenttype"
  }
},
{
  "model": "auth.permission",
  "fields": {
    "name": "Can add session",
    "content_type": [
      "sessions",
      "session"
    ],
    "codename": "add_session"
  }
},
{
  "model": "auth.permission",
  "fields": {
    "name": "Can change session",
    "content_type": [
      "sessions",
      "session"
    ],
    "codename": "change_session"
  }
},
{
  "model": "auth.permission",
  "fields": {
    "name": "Can delete session",
    "content_type": [
      "sessions",
      "session"
    ],
    "codename": "delete_session"
  }
},
{
  "model": "auth.permission",
  "fields": {
    "name": "Can view session",
    "content_type": [
      "sessions",
      "session"
    ],
    "codename": "view_session"
  }
},
{
  "model": "auth.permission",
  "fields": {
    "name": "Can add box",
    "content_type": [
      "boxes",
      "box"
    ],
    "codename": "add_box"
  }
},
{
  "model": "auth.permission",
  "fields": {
    "name": "Can change box",
    "content_type": [
      "boxes",
      "box"
    ],
    "codename": "change_box"
  }
},
{
  "model": "auth.permission",
  "fields": {
    "name": "Can delete box",
    "content_type": [
      "boxes",
      "box"
    ],
    "codename": "delete_box"
  }
},
{
  "model": "auth.permission",
  "fields": {
    "name": "Can view box",
    "content_type": [
      "boxes",
      "box"
    ],
    "codename": "view_box"
  }
},
{
  "model": "auth.permission",
  "fields": {
    "name": "Can add box product",
    "content_type": [
      "boxes",
      "boxproduct"
    ],
    "codename": "add_boxproduct"
  }
},
{
  "model": "auth.permission",
  "fields": {
    "name": "Can change box product",
    "content_type": [
      "boxes",
      "boxproduct"
    ],
    "codename": "change_boxproduct"
  }
},
{
  "model": "auth.permission",
  "fields": {
    "name": "Can delete box product",
    "content_type": [
      "boxes",
      "boxproduct"
    ],
    "codename": "delete_boxproduct"
  }
},
{
  "model": "auth.permission",
  "fields": {
    "name": "Can view box product",
    "content_type": [
      "boxes",
      "boxproduct"
    ],
    "codename": "view_boxproduct"
  }
},
{
  "model": "auth.permission",
  "fields": {
    "name": "Can add shipping address",
    "content_type": [
      "users",
      "shippingaddress"
    ],
    "codename": "add_shippingaddress"
  }
},
{
  "model": "auth.permission",
  "fields": {
    "name": "Can change shipping address",
    "content_type": [
      "users",
      "shippingaddress"
    ],
    "codename": "change_shippingaddress"
  }
},
{
  "model": "auth.permission",
  "fields": {
    "name": "Can delete shipping address",
    "content_type": [
      "users",
      "shippingaddress"
    ],
    "codename": "delete_shippingaddress"
  }
},
{
  "model": "auth.permission",
  "fields": {
    "name": "Can view shipping address",
    "content_type": [
      "users",
      "shippingaddress"
    ],
    "codename": "view_shippingaddress"
  }
},
{
  "model": "auth.permission",
  "fields": {
    "name": "Can add stripe subscription meta",
    "content_type": [
      "orders",
      "stripesubscriptionmeta"
    ],
    "codename": "add_stripesubscriptionmeta"
  }
},
{
  "model": "auth.permission",
  "fields": {
    "name": "Can change stripe subscription meta",
    "content_type": [
      "orders",
      "stripesubscriptionmeta"
    ],
    "codename": "change_stripesubscriptionmeta"
  }
},
{
  "model": "auth.permission",
  "fields": {
    "name": "Can delete stripe subscription meta",
    "content_type": [
      "orders",
      "stripesubscriptionmeta"
    ],
    "codename": "delete_stripesubscriptionmeta"
  }
},
{
  "model": "auth.permission",
  "fields": {
    "name": "Can view stripe subscription meta",
    "content_type": [
      "orders",
      "stripesubscriptionmeta"
    ],
    "codename": "view_stripesubscriptionmeta"
  }
},
{
  "model": "auth.permission",
  "fields": {
    "name": "Can add order",
    "content_type": [
      "orders",
      "order"
    ],
    "codename": "add_order"
  }
},
{
  "model": "auth.permission",
  "fields": {
    "name": "Can change order",
    "content_type": [
      "orders",
      "order"
    ],
    "codename": "change_order"
  }
},
{
  "model": "auth.permission",
  "fields": {
    "name": "Can delete order",
    "content_type": [
      "orders",
      "order"
    ],
    "codename": "delete_order"
  }
},
{
  "model": "auth.permission",
  "fields": {
    "name": "Can view order",
    "content_type": [
      "orders",
      "order"
    ],
    "codename": "view_order"
  }
},
{
  "model": "auth.permission",
  "fields": {
    "name": "Can add payment",
    "content_type": [
      "orders",
      "payment"
    ],
    "codename": "add_payment"
  }
},
{
  "model": "auth.permission",
  "fields": {
    "name": "Can change payment",
    "content_type": [
      "orders",
      "payment"
    ],
    "codename": "change_payment"
  }
},
{
  "model": "auth.permission",
  "fields": {
    "name": "Can delete payment",
    "content_type": [
      "orders",
      "payment"
    ],
    "codename": "delete_payment"
  }
},
{
  "model": "auth.permission",
  "fields": {
    "name": "Can view payment",
    "content_type": [
      "orders",
      "payment"
    ],
    "codename": "view_payment"
  }
},
{
  "model": "auth.user",
  "fields": {
    "password": "pbkdf2_sha256$260000$1OkxRXvaGcpBRRPgHSe9tB$Wk4UrNSbQZ8zyjC/cROsPfdatT9yWDd99wvlnATbEl4=",
    "last_login": "2025-04-21T14:41:40.989Z",
    "is_superuser": true,
    "username": "darren",
    "first_name": "Darren",
    "last_name": "Burrows",
    "email": "darren.burrows@gmail.com",
    "is_staff": true,
    "is_active": true,
    "date_joined": "2025-04-06T18:03:08Z",
    "groups": [],
    "user_permissions": []
  }
},
{
  "model": "auth.user",
  "fields": {
    "password": "pbkdf2_sha256$260000$2aUOmKFHpiiB8VsvaHIkcH$POZj7ws/yboVbkFKDrdg+bhfM0u8UCafdudsZVS3ti0=",
    "last_login": "2025-04-21T13:23:20.668Z",
    "is_superuser": false,
    "username": "Monkphin",
    "first_name": "Paula",
    "last_name": "Burrows",
    "email": "monkphin@me.com",
    "is_staff": false,
    "is_active": true,
    "date_joined": "2025-04-20T13:25:04.537Z",
    "groups": [],
    "user_permissions": []
  }
},
{
  "model": "users.shippingaddress",
  "pk": 1,
  "fields": {
    "user": [
      "darren"
    ],
    "recipient_f_name": "Darren",
    "recipient_l_name": "Burrows",
    "address_line_1": "17 Grimshaw Avenue",
    "address_line_2": null,
    "town_or_city": "Failsworth",
    "county": "Manchester",
    "postcode": "M35 9JT",
    "country": "UK",
    "phone_number": "07446831187",
    "is_default": true
  }
},
{
  "model": "users.shippingaddress",
  "pk": 9,
  "fields": {
    "user": [
      "Monkphin"
    ],
    "recipient_f_name": "Paula",
    "recipient_l_name": "Burrows",
    "address_line_1": "16 Test Avenue",
    "address_line_2": "Testing Tower",
    "town_or_city": "Testing Town",
    "county": "Testing County",
    "postcode": "WA12 8PP",
    "country": "GB",
    "phone_number": "07446831187",
    "is_default": true
  }
},
{
  "model": "users.shippingaddress",
  "pk": 10,
  "fields": {
    "user": [
      "Monkphin"
    ],
    "recipient_f_name": "Darren",
    "recipient_l_name": "Burrows",
    "address_line_1": "16 Grimshaw Avenue",
    "address_line_2": null,
    "town_or_city": "Failsworth",
    "county": "Manchester",
    "postcode": "M35 9JT",
    "country": "GB",
    "phone_number": "07446831187",
    "is_default": false
  }
},
{
  "model": "orders.stripesubscriptionmeta",
  "pk": 9,
  "fields": {
    "user": [
      "Monkphin"
    ],
    "stripe_subscription_id": "sub_1RFyHlAGhmEWZKnhMltRgiDi",
    "stripe_price_id": "price_1RE6CrAGhmEWZKnhiRsuNrfa",
    "shipping_address": 9,
    "is_gift": false,
    "created_at": "2025-04-20T13:51:56.357Z",
    "cancelled_at": "2025-04-20T14:47:43.891Z"
  }
},
{
  "model": "orders.stripesubscriptionmeta",
  "pk": 10,
  "fields": {
    "user": [
      "Monkphin"
    ],
    "stripe_subscription_id": "sub_1RFzE3AGhmEWZKnhSiRBt0UV",
    "stripe_price_id": "price_1RE6DrAGhmEWZKnh55wVEVSG",
    "shipping_address": 9,
    "is_gift": false,
    "created_at": "2025-04-20T14:52:11.103Z",
    "cancelled_at": "2025-04-20T14:52:23.959Z"
  }
},
{
  "model": "orders.stripesubscriptionmeta",
  "pk": 11,
  "fields": {
    "user": [
      "Monkphin"
    ],
    "stripe_subscription_id": "sub_1RG0vwAGhmEWZKnhrZl4tObs",
    "stripe_price_id": "price_1RE6C7AGhmEWZKnhzqvPwkgG",
    "shipping_address": 9,
    "is_gift": false,
    "created_at": "2025-04-20T16:41:36.342Z",
    "cancelled_at": null
  }
},
{
  "model": "orders.order",
  "pk": 14,
  "fields": {
    "user": [
      "Monkphin"
    ],
    "shipping_address": 9,
    "box": null,
    "stripe_subscription_id": null,
    "order_date": "2025-04-20",
    "scheduled_shipping_date": null,
    "status": "processing"
  }
},
{
  "model": "orders.order",
  "pk": 15,
  "fields": {
    "user": [
      "Monkphin"
    ],
    "shipping_address": 9,
    "box": null,
    "stripe_subscription_id": null,
    "order_date": "2025-04-20",
    "scheduled_shipping_date": null,
    "status": "processing"
  }
},
{
  "model": "orders.order",
  "pk": 16,
  "fields": {
    "user": [
      "Monkphin"
    ],
    "shipping_address": 9,
    "box": 7,
    "stripe_subscription_id": "sub_1RFyHlAGhmEWZKnhMltRgiDi",
    "order_date": "2025-04-20",
    "scheduled_shipping_date": "2025-05-01",
    "status": "processing"
  }
},
{
  "model": "orders.order",
  "pk": 17,
  "fields": {
    "user": [
      "Monkphin"
    ],
    "shipping_address": 9,
    "box": 7,
    "stripe_subscription_id": "sub_1RFzE3AGhmEWZKnhSiRBt0UV",
    "order_date": "2025-04-20",
    "scheduled_shipping_date": "2025-05-01",
    "status": "processing"
  }
},
{
  "model": "orders.order",
  "pk": 18,
  "fields": {
    "user": [
      "Monkphin"
    ],
    "shipping_address": 9,
    "box": 7,
    "stripe_subscription_id": "sub_1RG0vwAGhmEWZKnhrZl4tObs",
    "order_date": "2025-04-20",
    "scheduled_shipping_date": "2025-05-01",
    "status": "processing"
  }
},
{
  "model": "orders.order",
  "pk": 19,
  "fields": {
    "user": [
      "Monkphin"
    ],
    "shipping_address": 9,
    "box": null,
    "stripe_subscription_id": null,
    "order_date": "2025-04-20",
    "scheduled_shipping_date": null,
    "status": "processing"
  }
},
{
  "model": "orders.order",
  "pk": 20,
  "fields": {
    "user": [
      "Monkphin"
    ],
    "shipping_address": 9,
    "box": null,
    "stripe_subscription_id": null,
    "order_date": "2025-04-20",
    "scheduled_shipping_date": null,
    "status": "processing"
  }
},
{
  "model": "orders.order",
  "pk": 21,
  "fields": {
    "user": [
      "Monkphin"
    ],
    "shipping_address": 9,
    "box": null,
    "stripe_subscription_id": null,
    "order_date": "2025-04-21",
    "scheduled_shipping_date": null,
    "status": "processing"
  }
},
{
  "model": "orders.payment",
  "pk": 10,
  "fields": {
    "user": [
      "Monkphin"
    ],
    "order": 14,
    "payment_date": "2025-04-20T13:26:53.689Z",
    "amount": "35.00",
    "status": "paid",
    "payment_method": "card"
  }
},
{
  "model": "orders.payment",
  "pk": 11,
  "fields": {
    "user": [
      "Monkphin"
    ],
    "order": 15,
    "payment_date": "2025-04-20T13:42:08.621Z",
    "amount": "35.00",
    "status": "paid",
    "payment_method": "card"
  }
},
{
  "model": "orders.payment",
  "pk": 12,
  "fields": {
    "user": [
      "Monkphin"
    ],
    "order": 16,
    "payment_date": "2025-04-20T13:51:57.166Z",
    "amount": "180.00",
    "status": "succeeded",
    "payment_method": "card"
  }
},
{
  "model": "orders.payment",
  "pk": 13,
  "fields": {
    "user": [
      "Monkphin"
    ],
    "order": 17,
    "payment_date": "2025-04-20T14:52:12.074Z",
    "amount": "300.00",
    "status": "succeeded",
    "payment_method": "card"
  }
},
{
  "model": "orders.payment",
  "pk": 14,
  "fields": {
    "user": [
      "Monkphin"
    ],
    "order": 18,
    "payment_date": "2025-04-20T16:41:36.868Z",
    "amount": "100.00",
    "status": "succeeded",
    "payment_method": "card"
  }
},
{
  "model": "orders.payment",
  "pk": 15,
  "fields": {
    "user": [
      "Monkphin"
    ],
    "order": 19,
    "payment_date": "2025-04-20T17:05:37.565Z",
    "amount": "35.00",
    "status": "paid",
    "payment_method": "card"
  }
},
{
  "model": "orders.payment",
  "pk": 16,
  "fields": {
    "user": [
      "Monkphin"
    ],
    "order": 20,
    "payment_date": "2025-04-20T17:06:54.495Z",
    "amount": "35.00",
    "status": "paid",
    "payment_method": "card"
  }
},
{
  "model": "orders.payment",
  "pk": 17,
  "fields": {
    "user": [
      "Monkphin"
    ],
    "order": 21,
    "payment_date": "2025-04-21T13:25:03.025Z",
    "amount": "35.00",
    "status": "paid",
    "payment_method": "card"
  }
},
{
  "model": "admin.logentry",
  "pk": 1,
  "fields": {
    "action_time": "2025-04-06T18:15:31.841Z",
    "user": [
      "darren"
    ],
    "content_type": [
      "boxes",
      "box"
    ],
    "object_id": "1",
    "object_repr": "Box object (1)",
    "action_flag": 1,
    "change_message": "[{\"added\": {}}, {\"added\": {\"name\": \"box product\", \"object\": \"Nuln Oil (x1)\"}}, {\"added\": {\"name\": \"box product\", \"object\": \"Reaper Bones Goblin Set (x3)\"}}, {\"added\": {\"name\": \"box product\", \"object\": \"Army Painter Brush #1 (x1)\"}}, {\"added\": {\"name\": \"box product\", \"object\": \"Terrain Crate: Rubble (x1)\"}}, {\"added\": {\"name\": \"box product\", \"object\": \"Mystery Mini (Resin) (x1)\"}}]"
  }
},
{
  "model": "admin.logentry",
  "pk": 2,
  "fields": {
    "action_time": "2025-04-06T18:17:57.309Z",
    "user": [
      "darren"
    ],
    "content_type": [
      "boxes",
      "box"
    ],
    "object_id": "2",
    "object_repr": "Box object (2)",
    "action_flag": 1,
    "change_message": "[{\"added\": {}}, {\"added\": {\"name\": \"box product\", \"object\": \"Vallejo Game Color Starter (x3)\"}}, {\"added\": {\"name\": \"box product\", \"object\": \"Precision Hobby Knife (x1)\"}}, {\"added\": {\"name\": \"box product\", \"object\": \"Mini Resin Wizard (x1)\"}}, {\"added\": {\"name\": \"box product\", \"object\": \"Paint Handle (x1)\"}}, {\"added\": {\"name\": \"box product\", \"object\": \"Paint Swatch Sheet (x1)\"}}]"
  }
},
{
  "model": "admin.logentry",
  "pk": 3,
  "fields": {
    "action_time": "2025-04-06T18:36:44.668Z",
    "user": [
      "darren"
    ],
    "content_type": [
      "boxes",
      "box"
    ],
    "object_id": "1",
    "object_repr": "Box object (1)",
    "action_flag": 2,
    "change_message": "[{\"changed\": {\"fields\": [\"Image url\"]}}, {\"changed\": {\"name\": \"box product\", \"object\": \"Nuln Oil (x1)\", \"fields\": [\"Image url\"]}}, {\"changed\": {\"name\": \"box product\", \"object\": \"Reaper Bones Goblin Set (x3)\", \"fields\": [\"Image url\"]}}, {\"changed\": {\"name\": \"box product\", \"object\": \"Army Painter Brush #1 (x1)\", \"fields\": [\"Image url\"]}}, {\"changed\": {\"name\": \"box product\", \"object\": \"Terrain Crate: Rubble (x1)\", \"fields\": [\"Image url\"]}}, {\"changed\": {\"name\": \"box product\", \"object\": \"Mystery Mini (Resin) (x1)\", \"fields\": [\"Image url\"]}}]"
  }
},
{
  "model": "admin.logentry",
  "pk": 4,
  "fields": {
    "action_time": "2025-04-06T18:36:58.958Z",
    "user": [
      "darren"
    ],
    "content_type": [
      "boxes",
      "box"
    ],
    "object_id": "2",
    "object_repr": "Box object (2)",
    "action_flag": 2,
    "change_message": "[{\"changed\": {\"fields\": [\"Image url\"]}}, {\"changed\": {\"name\": \"box product\", \"object\": \"Vallejo Game Color Starter (x3)\", \"fields\": [\"Image url\"]}}, {\"changed\": {\"name\": \"box product\", \"object\": \"Precision Hobby Knife (x1)\", \"fields\": [\"Image url\"]}}, {\"changed\": {\"name\": \"box product\", \"object\": \"Mini Resin Wizard (x1)\", \"fields\": [\"Image url\"]}}, {\"changed\": {\"name\": \"box product\", \"object\": \"Paint Handle (x1)\", \"fields\": [\"Image url\"]}}, {\"changed\": {\"name\": \"box product\", \"object\": \"Paint Swatch Sheet (x1)\", \"fields\": [\"Image url\"]}}]"
  }
},
{
  "model": "admin.logentry",
  "pk": 5,
  "fields": {
    "action_time": "2025-04-06T18:45:13.711Z",
    "user": [
      "darren"
    ],
    "content_type": [
      "boxes",
      "box"
    ],
    "object_id": "1",
    "object_repr": "Box object (1)",
    "action_flag": 2,
    "change_message": "[{\"changed\": {\"name\": \"box product\", \"object\": \"Nuln Oil (x1)\", \"fields\": [\"Image url\"]}}, {\"changed\": {\"name\": \"box product\", \"object\": \"Reaper Bones Goblin Set (x3)\", \"fields\": [\"Image url\"]}}, {\"changed\": {\"name\": \"box product\", \"object\": \"Army Painter Brush #1 (x1)\", \"fields\": [\"Image url\"]}}, {\"changed\": {\"name\": \"box product\", \"object\": \"Terrain Crate: Rubble (x1)\", \"fields\": [\"Image url\"]}}, {\"changed\": {\"name\": \"box product\", \"object\": \"Mystery Mini (Resin) (x1)\", \"fields\": [\"Image url\"]}}]"
  }
},
{
  "model": "admin.logentry",
  "pk": 6,
  "fields": {
    "action_time": "2025-04-07T20:26:35.440Z",
    "user": [
      "darren"
    ],
    "content_type": [
      "boxes",
      "box"
    ],
    "object_id": "2",
    "object_repr": "Box object (2)",
    "action_flag": 3,
    "change_message": ""
  }
},
{
  "model": "admin.logentry",
  "pk": 7,
  "fields": {
    "action_time": "2025-04-07T20:26:35.452Z",
    "user": [
      "darren"
    ],
    "content_type": [
      "boxes",
      "box"
    ],
    "object_id": "1",
    "object_repr": "Box object (1)",
    "action_flag": 3,
    "change_message": ""
  }
},
{
  "model": "admin.logentry",
  "pk": 8,
  "fields": {
    "action_time": "2025-04-08T19:38:04.155Z",
    "user": [
      "darren"
    ],
    "content_type": [
      "boxes",
      "box"
    ],
    "object_id": "6",
    "object_repr": "Box object (6)",
    "action_flag": 2,
    "change_message": "[{\"changed\": {\"fields\": [\"Is archived\"]}}]"
  }
},
{
  "model": "admin.logentry",
  "pk": 9,
  "fields": {
    "action_time": "2025-04-08T19:42:20.224Z",
    "user": [
      "darren"
    ],
    "content_type": [
      "boxes",
      "box"
    ],
    "object_id": "3",
    "object_repr": "Box object (3)",
    "action_flag": 2,
    "change_message": "[{\"changed\": {\"fields\": [\"Shipping date\"]}}]"
  }
},
{
  "model": "admin.logentry",
  "pk": 10,
  "fields": {
    "action_time": "2025-04-08T19:51:04.590Z",
    "user": [
      "darren"
    ],
    "content_type": [
      "boxes",
      "box"
    ],
    "object_id": "4",
    "object_repr": "Box object (4)",
    "action_flag": 2,
    "change_message": "[{\"changed\": {\"fields\": [\"Shipping date\"]}}]"
  }
},
{
  "model": "admin.logentry",
  "pk": 11,
  "fields": {
    "action_time": "2025-04-08T19:51:15.799Z",
    "user": [
      "darren"
    ],
    "content_type": [
      "boxes",
      "box"
    ],
    "object_id": "5",
    "object_repr": "Box object (5)",
    "action_flag": 2,
    "change_message": "[{\"changed\": {\"fields\": [\"Shipping date\"]}}]"
  }
},
{
  "model": "admin.logentry",
  "pk": 12,
  "fields": {
    "action_time": "2025-04-08T19:51:26.712Z",
    "user": [
      "darren"
    ],
    "content_type": [
      "boxes",
      "box"
    ],
    "object_id": "6",
    "object_repr": "Box object (6)",
    "action_flag": 2,
    "change_message": "[{\"changed\": {\"fields\": [\"Shipping date\"]}}]"
  }
},
{
  "model": "admin.logentry",
  "pk": 13,
  "fields": {
    "action_time": "2025-04-08T19:51:40.510Z",
    "user": [
      "darren"
    ],
    "content_type": [
      "boxes",
      "box"
    ],
    "object_id": "7",
    "object_repr": "Box object (7)",
    "action_flag": 2,
    "change_message": "[{\"changed\": {\"fields\": [\"Shipping date\"]}}]"
  }
},
{
  "model": "admin.logentry",
  "pk": 14,
  "fields": {
    "action_time": "2025-04-09T15:55:15.327Z",
    "user": [
      "darren"
    ],
    "content_type": [
      "boxes",
      "box"
    ],
    "object_id": "7",
    "object_repr": "Box object (7)",
    "action_flag": 2,
    "change_message": "[{\"changed\": {\"fields\": [\"Is archived\"]}}]"
  }
},
{
  "model": "admin.logentry",
  "pk": 15,
  "fields": {
    "action_time": "2025-04-13T14:34:54.412Z",
    "user": [
      "darren"
    ],
    "content_type": [
      "auth",
      "user"
    ],
    "object_id": "1",
    "object_repr": "darren",
    "action_flag": 2,
    "change_message": "[{\"changed\": {\"fields\": [\"First name\", \"Last name\"]}}]"
  }
},
{
  "model": "admin.logentry",
  "pk": 16,
  "fields": {
    "action_time": "2025-04-15T13:30:04.074Z",
    "user": [
      "darren"
    ],
    "content_type": [
      "auth",
      "user"
    ],
    "object_id": "3",
    "object_repr": "monkphin",
    "action_flag": 3,
    "change_message": ""
  }
},
{
  "model": "admin.logentry",
  "pk": 17,
  "fields": {
    "action_time": "2025-04-15T13:30:21.424Z",
    "user": [
      "darren"
    ],
    "content_type": [
      "orders",
      "order"
    ],
    "object_id": "3",
    "object_repr": "Order #3 - darren",
    "action_flag": 3,
    "change_message": ""
  }
},
{
  "model": "admin.logentry",
  "pk": 18,
  "fields": {
    "action_time": "2025-04-15T13:30:21.437Z",
    "user": [
      "darren"
    ],
    "content_type": [
      "orders",
      "order"
    ],
    "object_id": "2",
    "object_repr": "Order #2 - darren",
    "action_flag": 3,
    "change_message": ""
  }
},
{
  "model": "admin.logentry",
  "pk": 19,
  "fields": {
    "action_time": "2025-04-15T13:30:21.450Z",
    "user": [
      "darren"
    ],
    "content_type": [
      "orders",
      "order"
    ],
    "object_id": "1",
    "object_repr": "Order #1 - darren",
    "action_flag": 3,
    "change_message": ""
  }
},
{
  "model": "admin.logentry",
  "pk": 20,
  "fields": {
    "action_time": "2025-04-15T13:30:35.846Z",
    "user": [
      "darren"
    ],
    "content_type": [
      "orders",
      "stripesubscriptionmeta"
    ],
    "object_id": "2",
    "object_repr": "darren - sub_1RE8awAGhmEWZKnhCeh2r0Pe",
    "action_flag": 3,
    "change_message": ""
  }
},
{
  "model": "admin.logentry",
  "pk": 21,
  "fields": {
    "action_time": "2025-04-15T13:30:35.859Z",
    "user": [
      "darren"
    ],
    "content_type": [
      "orders",
      "stripesubscriptionmeta"
    ],
    "object_id": "1",
    "object_repr": "darren - sub_1RE8OFAGhmEWZKnhGriKhszw",
    "action_flag": 3,
    "change_message": ""
  }
},
{
  "model": "admin.logentry",
  "pk": 22,
  "fields": {
    "action_time": "2025-04-15T13:35:20.351Z",
    "user": [
      "darren"
    ],
    "content_type": [
      "orders",
      "stripesubscriptionmeta"
    ],
    "object_id": "4",
    "object_repr": "darren - sub_1RE9cQAGhmEWZKnhWEcHJwPK",
    "action_flag": 3,
    "change_message": ""
  }
},
{
  "model": "admin.logentry",
  "pk": 23,
  "fields": {
    "action_time": "2025-04-15T14:26:53.495Z",
    "user": [
      "darren"
    ],
    "content_type": [
      "orders",
      "stripesubscriptionmeta"
    ],
    "object_id": "5",
    "object_repr": "darren - sub_1RE9hyAGhmEWZKnhNIBHwwtQ",
    "action_flag": 3,
    "change_message": ""
  }
},
{
  "model": "admin.logentry",
  "pk": 24,
  "fields": {
    "action_time": "2025-04-15T14:27:02.704Z",
    "user": [
      "darren"
    ],
    "content_type": [
      "orders",
      "order"
    ],
    "object_id": "5",
    "object_repr": "Order #5 - darren",
    "action_flag": 3,
    "change_message": ""
  }
},
{
  "model": "admin.logentry",
  "pk": 25,
  "fields": {
    "action_time": "2025-04-15T14:27:02.717Z",
    "user": [
      "darren"
    ],
    "content_type": [
      "orders",
      "order"
    ],
    "object_id": "4",
    "object_repr": "Order #4 - darren",
    "action_flag": 3,
    "change_message": ""
  }
},
{
  "model": "admin.logentry",
  "pk": 26,
  "fields": {
    "action_time": "2025-04-15T14:47:32.945Z",
    "user": [
      "darren"
    ],
    "content_type": [
      "orders",
      "order"
    ],
    "object_id": "6",
    "object_repr": "Order #6 - darren",
    "action_flag": 3,
    "change_message": ""
  }
},
{
  "model": "admin.logentry",
  "pk": 27,
  "fields": {
    "action_time": "2025-04-15T14:47:44.470Z",
    "user": [
      "darren"
    ],
    "content_type": [
      "orders",
      "stripesubscriptionmeta"
    ],
    "object_id": "6",
    "object_repr": "darren - sub_1REAUOAGhmEWZKnhdISVR4U3",
    "action_flag": 3,
    "change_message": ""
  }
},
{
  "model": "admin.logentry",
  "pk": 28,
  "fields": {
    "action_time": "2025-04-20T13:17:57.264Z",
    "user": [
      "darren"
    ],
    "content_type": [
      "auth",
      "user"
    ],
    "object_id": "4",
    "object_repr": "monkphin",
    "action_flag": 3,
    "change_message": ""
  }
},
{
  "model": "admin.logentry",
  "pk": 29,
  "fields": {
    "action_time": "2025-04-20T13:18:12.843Z",
    "user": [
      "darren"
    ],
    "content_type": [
      "boxes",
      "boxproduct"
    ],
    "object_id": "54",
    "object_repr": "test (x1)",
    "action_flag": 3,
    "change_message": ""
  }
},
{
  "model": "admin.logentry",
  "pk": 30,
  "fields": {
    "action_time": "2025-04-20T13:18:29.135Z",
    "user": [
      "darren"
    ],
    "content_type": [
      "orders",
      "order"
    ],
    "object_id": "13",
    "object_repr": "Order #13 - darren",
    "action_flag": 3,
    "change_message": ""
  }
},
{
  "model": "admin.logentry",
  "pk": 31,
  "fields": {
    "action_time": "2025-04-20T13:18:29.146Z",
    "user": [
      "darren"
    ],
    "content_type": [
      "orders",
      "order"
    ],
    "object_id": "12",
    "object_repr": "Order #12 - darren",
    "action_flag": 3,
    "change_message": ""
  }
},
{
  "model": "admin.logentry",
  "pk": 32,
  "fields": {
    "action_time": "2025-04-20T13:18:29.159Z",
    "user": [
      "darren"
    ],
    "content_type": [
      "orders",
      "order"
    ],
    "object_id": "11",
    "object_repr": "Order #11 - darren",
    "action_flag": 3,
    "change_message": ""
  }
},
{
  "model": "admin.logentry",
  "pk": 33,
  "fields": {
    "action_time": "2025-04-20T13:18:29.169Z",
    "user": [
      "darren"
    ],
    "content_type": [
      "orders",
      "order"
    ],
    "object_id": "8",
    "object_repr": "Order #8 - darren",
    "action_flag": 3,
    "change_message": ""
  }
},
{
  "model": "admin.logentry",
  "pk": 34,
  "fields": {
    "action_time": "2025-04-20T13:18:29.180Z",
    "user": [
      "darren"
    ],
    "content_type": [
      "orders",
      "order"
    ],
    "object_id": "7",
    "object_repr": "Order #7 - darren",
    "action_flag": 3,
    "change_message": ""
  }
},
{
  "model": "admin.logentry",
  "pk": 35,
  "fields": {
    "action_time": "2025-04-20T13:18:41.547Z",
    "user": [
      "darren"
    ],
    "content_type": [
      "orders",
      "stripesubscriptionmeta"
    ],
    "object_id": "8",
    "object_repr": "darren - sub_1RFxXNAGhmEWZKnhiuq4oEQD",
    "action_flag": 3,
    "change_message": ""
  }
},
{
  "model": "admin.logentry",
  "pk": 36,
  "fields": {
    "action_time": "2025-04-20T13:18:41.559Z",
    "user": [
      "darren"
    ],
    "content_type": [
      "orders",
      "stripesubscriptionmeta"
    ],
    "object_id": "7",
    "object_repr": "darren - sub_1REAnPAGhmEWZKnhKB9zkHPq",
    "action_flag": 3,
    "change_message": ""
  }
},
{
  "model": "admin.logentry",
  "pk": 37,
  "fields": {
    "action_time": "2025-04-21T15:20:52.470Z",
    "user": [
      "darren"
    ],
    "content_type": [
      "boxes",
      "boxproduct"
    ],
    "object_id": "50",
    "object_repr": "Pin Vise Drill (x1)",
    "action_flag": 2,
    "change_message": "[{\"changed\": {\"fields\": [\"Image url\"]}}]"
  }
},
{
  "model": "admin.logentry",
  "pk": 38,
  "fields": {
    "action_time": "2025-04-21T15:21:52.688Z",
    "user": [
      "darren"
    ],
    "content_type": [
      "boxes",
      "boxproduct"
    ],
    "object_id": "49",
    "object_repr": "Jungle Fighters (x6)",
    "action_flag": 2,
    "change_message": "[{\"changed\": {\"fields\": [\"Name\", \"Image url\", \"Description\", \"Quantity\"]}}]"
  }
},
{
  "model": "admin.logentry",
  "pk": 39,
  "fields": {
    "action_time": "2025-04-21T15:22:10.326Z",
    "user": [
      "darren"
    ],
    "content_type": [
      "boxes",
      "boxproduct"
    ],
    "object_id": "48",
    "object_repr": "Drybrush (x1)",
    "action_flag": 2,
    "change_message": "[{\"changed\": {\"fields\": [\"Image url\"]}}]"
  }
},
{
  "model": "admin.logentry",
  "pk": 40,
  "fields": {
    "action_time": "2025-04-21T15:22:40.635Z",
    "user": [
      "darren"
    ],
    "content_type": [
      "boxes",
      "boxproduct"
    ],
    "object_id": "47",
    "object_repr": "Toxic Waste Green (x1)",
    "action_flag": 2,
    "change_message": "[{\"changed\": {\"fields\": [\"Name\", \"Image url\", \"Description\", \"Quantity\"]}}]"
  }
},
{
  "model": "admin.logentry",
  "pk": 41,
  "fields": {
    "action_time": "2025-04-21T15:22:55.660Z",
    "user": [
      "darren"
    ],
    "content_type": [
      "boxes",
      "boxproduct"
    ],
    "object_id": "46",
    "object_repr": "Fine Detail Brush (x1)",
    "action_flag": 2,
    "change_message": "[{\"changed\": {\"fields\": [\"Image url\"]}}]"
  }
},
{
  "model": "admin.logentry",
  "pk": 42,
  "fields": {
    "action_time": "2025-04-21T15:23:07.083Z",
    "user": [
      "darren"
    ],
    "content_type": [
      "boxes",
      "boxproduct"
    ],
    "object_id": "45",
    "object_repr": "Wash Brush (x1)",
    "action_flag": 2,
    "change_message": "[{\"changed\": {\"fields\": [\"Image url\"]}}]"
  }
},
{
  "model": "admin.logentry",
  "pk": 43,
  "fields": {
    "action_time": "2025-04-21T15:23:22.730Z",
    "user": [
      "darren"
    ],
    "content_type": [
      "boxes",
      "boxproduct"
    ],
    "object_id": "44",
    "object_repr": "Mold Line Remover (x1)",
    "action_flag": 2,
    "change_message": "[{\"changed\": {\"fields\": [\"Image url\"]}}]"
  }
},
{
  "model": "admin.logentry",
  "pk": 44,
  "fields": {
    "action_time": "2025-04-21T15:23:37.417Z",
    "user": [
      "darren"
    ],
    "content_type": [
      "boxes",
      "boxproduct"
    ],
    "object_id": "43",
    "object_repr": "Glacier Blue (x1)",
    "action_flag": 2,
    "change_message": "[{\"changed\": {\"fields\": [\"Image url\"]}}]"
  }
},
{
  "model": "admin.logentry",
  "pk": 45,
  "fields": {
    "action_time": "2025-04-21T15:23:49.924Z",
    "user": [
      "darren"
    ],
    "content_type": [
      "boxes",
      "boxproduct"
    ],
    "object_id": "42",
    "object_repr": "Mold Line Remover (x1)",
    "action_flag": 2,
    "change_message": "[{\"changed\": {\"fields\": [\"Image url\"]}}]"
  }
},
{
  "model": "admin.logentry",
  "pk": 46,
  "fields": {
    "action_time": "2025-04-21T15:24:09.309Z",
    "user": [
      "darren"
    ],
    "content_type": [
      "boxes",
      "boxproduct"
    ],
    "object_id": "41",
    "object_repr": "Pale Sand (x4)",
    "action_flag": 2,
    "change_message": "[{\"changed\": {\"fields\": [\"Name\", \"Image url\", \"Description\"]}}]"
  }
},
{
  "model": "admin.logentry",
  "pk": 47,
  "fields": {
    "action_time": "2025-04-21T15:24:24.463Z",
    "user": [
      "darren"
    ],
    "content_type": [
      "boxes",
      "boxproduct"
    ],
    "object_id": "40",
    "object_repr": "Drybrush (x1)",
    "action_flag": 2,
    "change_message": "[{\"changed\": {\"fields\": [\"Image url\"]}}]"
  }
},
{
  "model": "admin.logentry",
  "pk": 48,
  "fields": {
    "action_time": "2025-04-21T15:24:45.754Z",
    "user": [
      "darren"
    ],
    "content_type": [
      "boxes",
      "boxproduct"
    ],
    "object_id": "39",
    "object_repr": "Pin Vise Drill (x1)",
    "action_flag": 2,
    "change_message": "[{\"changed\": {\"fields\": [\"Image url\"]}}]"
  }
},
{
  "model": "admin.logentry",
  "pk": 49,
  "fields": {
    "action_time": "2025-04-21T15:24:56.053Z",
    "user": [
      "darren"
    ],
    "content_type": [
      "boxes",
      "boxproduct"
    ],
    "object_id": "38",
    "object_repr": "Scrap Golem (x2)",
    "action_flag": 2,
    "change_message": "[{\"changed\": {\"fields\": [\"Image url\"]}}]"
  }
},
{
  "model": "admin.logentry",
  "pk": 50,
  "fields": {
    "action_time": "2025-04-21T15:25:05.479Z",
    "user": [
      "darren"
    ],
    "content_type": [
      "boxes",
      "boxproduct"
    ],
    "object_id": "37",
    "object_repr": "Precision File (x1)",
    "action_flag": 2,
    "change_message": "[{\"changed\": {\"fields\": [\"Image url\"]}}]"
  }
},
{
  "model": "admin.logentry",
  "pk": 51,
  "fields": {
    "action_time": "2025-04-21T15:25:20.275Z",
    "user": [
      "darren"
    ],
    "content_type": [
      "boxes",
      "boxproduct"
    ],
    "object_id": "36",
    "object_repr": "Molten Steel (x4)",
    "action_flag": 2,
    "change_message": "[{\"changed\": {\"fields\": [\"Image url\"]}}]"
  }
},
{
  "model": "admin.logentry",
  "pk": 52,
  "fields": {
    "action_time": "2025-04-21T15:25:34.536Z",
    "user": [
      "darren"
    ],
    "content_type": [
      "boxes",
      "boxproduct"
    ],
    "object_id": "35",
    "object_repr": "Basecoat Brush (x1)",
    "action_flag": 2,
    "change_message": "[{\"changed\": {\"fields\": [\"Image url\"]}}]"
  }
},
{
  "model": "admin.logentry",
  "pk": 53,
  "fields": {
    "action_time": "2025-04-21T15:25:45.430Z",
    "user": [
      "darren"
    ],
    "content_type": [
      "boxes",
      "boxproduct"
    ],
    "object_id": "34",
    "object_repr": "Fine Detail Brush (x1)",
    "action_flag": 2,
    "change_message": "[{\"changed\": {\"fields\": [\"Image url\"]}}]"
  }
},
{
  "model": "admin.logentry",
  "pk": 54,
  "fields": {
    "action_time": "2025-04-21T15:25:56.360Z",
    "user": [
      "darren"
    ],
    "content_type": [
      "boxes",
      "boxproduct"
    ],
    "object_id": "33",
    "object_repr": "Frost Raider (x5)",
    "action_flag": 2,
    "change_message": "[{\"changed\": {\"fields\": [\"Image url\"]}}]"
  }
},
{
  "model": "admin.logentry",
  "pk": 55,
  "fields": {
    "action_time": "2025-04-21T15:26:06.173Z",
    "user": [
      "darren"
    ],
    "content_type": [
      "boxes",
      "boxproduct"
    ],
    "object_id": "32",
    "object_repr": "Molten Steel (x3)",
    "action_flag": 2,
    "change_message": "[{\"changed\": {\"fields\": [\"Image url\"]}}]"
  }
},
{
  "model": "admin.logentry",
  "pk": 56,
  "fields": {
    "action_time": "2025-04-21T15:26:18.266Z",
    "user": [
      "darren"
    ],
    "content_type": [
      "boxes",
      "boxproduct"
    ],
    "object_id": "31",
    "object_repr": "Glacier Blue (x4)",
    "action_flag": 2,
    "change_message": "[{\"changed\": {\"fields\": [\"Image url\"]}}]"
  }
},
{
  "model": "admin.logentry",
  "pk": 57,
  "fields": {
    "action_time": "2025-04-21T15:26:35.689Z",
    "user": [
      "darren"
    ],
    "content_type": [
      "boxes",
      "boxproduct"
    ],
    "object_id": "30",
    "object_repr": "Jungle Green (x3)",
    "action_flag": 2,
    "change_message": "[{\"changed\": {\"fields\": [\"Name\", \"Image url\", \"Description\"]}}]"
  }
},
{
  "model": "admin.logentry",
  "pk": 58,
  "fields": {
    "action_time": "2025-04-21T15:26:55.544Z",
    "user": [
      "darren"
    ],
    "content_type": [
      "boxes",
      "boxproduct"
    ],
    "object_id": "29",
    "object_repr": "Pale Sand (x5)",
    "action_flag": 2,
    "change_message": "[{\"changed\": {\"fields\": [\"Name\", \"Image url\", \"Description\"]}}]"
  }
},
{
  "model": "admin.logentry",
  "pk": 59,
  "fields": {
    "action_time": "2025-04-21T15:27:11.093Z",
    "user": [
      "darren"
    ],
    "content_type": [
      "boxes",
      "boxproduct"
    ],
    "object_id": "28",
    "object_repr": "Basecoat Brush (x1)",
    "action_flag": 2,
    "change_message": "[{\"changed\": {\"fields\": [\"Image url\"]}}]"
  }
},
{
  "model": "admin.logentry",
  "pk": 60,
  "fields": {
    "action_time": "2025-04-21T15:27:39.380Z",
    "user": [
      "darren"
    ],
    "content_type": [
      "boxes",
      "boxproduct"
    ],
    "object_id": "27",
    "object_repr": "Toxic Waste Green (x3)",
    "action_flag": 2,
    "change_message": "[{\"changed\": {\"fields\": [\"Name\", \"Image url\", \"Description\"]}}]"
  }
},
{
  "model": "admin.logentry",
  "pk": 61,
  "fields": {
    "action_time": "2025-04-21T15:27:50.215Z",
    "user": [
      "darren"
    ],
    "content_type": [
      "boxes",
      "boxproduct"
    ],
    "object_id": "26",
    "object_repr": "Wash Brush (x2)",
    "action_flag": 2,
    "change_message": "[{\"changed\": {\"fields\": [\"Image url\"]}}]"
  }
},
{
  "model": "admin.logentry",
  "pk": 62,
  "fields": {
    "action_time": "2025-04-21T15:28:06.019Z",
    "user": [
      "darren"
    ],
    "content_type": [
      "boxes",
      "boxproduct"
    ],
    "object_id": "25",
    "object_repr": "Frost Raider (x4)",
    "action_flag": 2,
    "change_message": "[{\"changed\": {\"fields\": [\"Image url\"]}}]"
  }
},
{
  "model": "admin.logentry",
  "pk": 63,
  "fields": {
    "action_time": "2025-04-21T15:28:28.983Z",
    "user": [
      "darren"
    ],
    "content_type": [
      "boxes",
      "boxproduct"
    ],
    "object_id": "24",
    "object_repr": "Drybrush (x1)",
    "action_flag": 2,
    "change_message": "[{\"changed\": {\"fields\": [\"Image url\"]}}]"
  }
},
{
  "model": "admin.logentry",
  "pk": 64,
  "fields": {
    "action_time": "2025-04-21T15:28:40.466Z",
    "user": [
      "darren"
    ],
    "content_type": [
      "boxes",
      "boxproduct"
    ],
    "object_id": "23",
    "object_repr": "Mold Line Remover (x1)",
    "action_flag": 2,
    "change_message": "[{\"changed\": {\"fields\": [\"Image url\"]}}]"
  }
},
{
  "model": "admin.logentry",
  "pk": 65,
  "fields": {
    "action_time": "2025-04-21T15:28:51.149Z",
    "user": [
      "darren"
    ],
    "content_type": [
      "boxes",
      "boxproduct"
    ],
    "object_id": "22",
    "object_repr": "Fine Detail Brush (x1)",
    "action_flag": 2,
    "change_message": "[{\"changed\": {\"fields\": [\"Image url\"]}}]"
  }
},
{
  "model": "admin.logentry",
  "pk": 66,
  "fields": {
    "action_time": "2025-04-21T15:29:02.185Z",
    "user": [
      "darren"
    ],
    "content_type": [
      "boxes",
      "boxproduct"
    ],
    "object_id": "21",
    "object_repr": "Pin Vise Drill (x1)",
    "action_flag": 2,
    "change_message": "[{\"changed\": {\"fields\": [\"Image url\"]}}]"
  }
},
{
  "model": "admin.logentry",
  "pk": 67,
  "fields": {
    "action_time": "2025-04-21T16:02:37.875Z",
    "user": [
      "darren"
    ],
    "content_type": [
      "boxes",
      "boxproduct"
    ],
    "object_id": "11",
    "object_repr": "Pin Vise Drill (x1)",
    "action_flag": 2,
    "change_message": "[{\"changed\": {\"fields\": [\"Image url\"]}}]"
  }
},
{
  "model": "admin.logentry",
  "pk": 68,
  "fields": {
    "action_time": "2025-04-21T16:03:05.752Z",
    "user": [
      "darren"
    ],
    "content_type": [
      "boxes",
      "boxproduct"
    ],
    "object_id": "12",
    "object_repr": "Iron Juggernauts (x3)",
    "action_flag": 2,
    "change_message": "[{\"changed\": {\"fields\": [\"Name\", \"Image url\", \"Description\"]}}]"
  }
},
{
  "model": "admin.logentry",
  "pk": 69,
  "fields": {
    "action_time": "2025-04-21T16:03:17.481Z",
    "user": [
      "darren"
    ],
    "content_type": [
      "boxes",
      "boxproduct"
    ],
    "object_id": "13",
    "object_repr": "Precision File (x1)",
    "action_flag": 2,
    "change_message": "[{\"changed\": {\"fields\": [\"Image url\"]}}]"
  }
},
{
  "model": "admin.logentry",
  "pk": 70,
  "fields": {
    "action_time": "2025-04-21T16:03:33.347Z",
    "user": [
      "darren"
    ],
    "content_type": [
      "boxes",
      "boxproduct"
    ],
    "object_id": "14",
    "object_repr": "Molten Steel (x1)",
    "action_flag": 2,
    "change_message": "[{\"changed\": {\"fields\": [\"Image url\"]}}]"
  }
},
{
  "model": "admin.logentry",
  "pk": 71,
  "fields": {
    "action_time": "2025-04-21T16:03:45.444Z",
    "user": [
      "darren"
    ],
    "content_type": [
      "boxes",
      "boxproduct"
    ],
    "object_id": "15",
    "object_repr": "Glacier Blue (x5)",
    "action_flag": 2,
    "change_message": "[{\"changed\": {\"fields\": [\"Image url\"]}}]"
  }
},
{
  "model": "admin.logentry",
  "pk": 72,
  "fields": {
    "action_time": "2025-04-21T16:04:06.148Z",
    "user": [
      "darren"
    ],
    "content_type": [
      "boxes",
      "boxproduct"
    ],
    "object_id": "16",
    "object_repr": "Toxic Waste Green (x5)",
    "action_flag": 2,
    "change_message": "[{\"changed\": {\"fields\": [\"Name\", \"Image url\", \"Description\"]}}]"
  }
},
{
  "model": "admin.logentry",
  "pk": 73,
  "fields": {
    "action_time": "2025-04-21T16:04:27.826Z",
    "user": [
      "darren"
    ],
    "content_type": [
      "boxes",
      "boxproduct"
    ],
    "object_id": "17",
    "object_repr": "Frost Raider (x5)",
    "action_flag": 2,
    "change_message": "[{\"changed\": {\"fields\": [\"Image url\"]}}]"
  }
},
{
  "model": "admin.logentry",
  "pk": 74,
  "fields": {
    "action_time": "2025-04-21T16:04:39.846Z",
    "user": [
      "darren"
    ],
    "content_type": [
      "boxes",
      "boxproduct"
    ],
    "object_id": "18",
    "object_repr": "Mold Line Remover (x1)",
    "action_flag": 2,
    "change_message": "[{\"changed\": {\"fields\": [\"Image url\"]}}]"
  }
},
{
  "model": "admin.logentry",
  "pk": 75,
  "fields": {
    "action_time": "2025-04-21T16:05:04.099Z",
    "user": [
      "darren"
    ],
    "content_type": [
      "boxes",
      "boxproduct"
    ],
    "object_id": "19",
    "object_repr": "Wasteland Nomads (x3)",
    "action_flag": 2,
    "change_message": "[{\"changed\": {\"fields\": [\"Name\", \"Image url\", \"Description\"]}}]"
  }
},
{
  "model": "admin.logentry",
  "pk": 76,
  "fields": {
    "action_time": "2025-04-21T16:05:18.198Z",
    "user": [
      "darren"
    ],
    "content_type": [
      "boxes",
      "boxproduct"
    ],
    "object_id": "20",
    "object_repr": "Tundra White (x4)",
    "action_flag": 2,
    "change_message": "[{\"changed\": {\"fields\": [\"Image url\"]}}]"
  }
},
{
  "model": "admin.logentry",
  "pk": 77,
  "fields": {
    "action_time": "2025-04-21T16:05:24.742Z",
    "user": [
      "darren"
    ],
    "content_type": [
      "boxes",
      "boxproduct"
    ],
    "object_id": "21",
    "object_repr": "Pin Vise Drill (x1)",
    "action_flag": 2,
    "change_message": "[]"
  }
},
{
  "model": "admin.logentry",
  "pk": 78,
  "fields": {
    "action_time": "2025-04-21T16:07:36.486Z",
    "user": [
      "darren"
    ],
    "content_type": [
      "boxes",
      "box"
    ],
    "object_id": "7",
    "object_repr": "Wasteland Rally - May 2025",
    "action_flag": 2,
    "change_message": "[{\"changed\": {\"fields\": [\"Image url\"]}}]"
  }
},
{
  "model": "admin.logentry",
  "pk": 79,
  "fields": {
    "action_time": "2025-04-21T16:08:44.227Z",
    "user": [
      "darren"
    ],
    "content_type": [
      "boxes",
      "box"
    ],
    "object_id": "6",
    "object_repr": "Spring Offensive - Apr 2025",
    "action_flag": 2,
    "change_message": "[{\"changed\": {\"fields\": [\"Image url\"]}}]"
  }
},
{
  "model": "admin.logentry",
  "pk": 80,
  "fields": {
    "action_time": "2025-04-21T16:09:55.456Z",
    "user": [
      "darren"
    ],
    "content_type": [
      "boxes",
      "box"
    ],
    "object_id": "5",
    "object_repr": "March of Iron - Mar 2025",
    "action_flag": 2,
    "change_message": "[{\"changed\": {\"fields\": [\"Image url\"]}}]"
  }
},
{
  "model": "admin.logentry",
  "pk": 81,
  "fields": {
    "action_time": "2025-04-21T16:10:51.196Z",
    "user": [
      "darren"
    ],
    "content_type": [
      "boxes",
      "box"
    ],
    "object_id": "4",
    "object_repr": "Forbidden Workshop - Feb 2025",
    "action_flag": 2,
    "change_message": "[{\"changed\": {\"fields\": [\"Image url\"]}}]"
  }
},
{
  "model": "admin.logentry",
  "pk": 82,
  "fields": {
    "action_time": "2025-04-21T16:12:10.547Z",
    "user": [
      "darren"
    ],
    "content_type": [
      "boxes",
      "box"
    ],
    "object_id": "3",
    "object_repr": "Frostfront Skirmish - Jan 2025",
    "action_flag": 2,
    "change_message": "[{\"changed\": {\"fields\": [\"Image url\"]}}]"
  }
},
{
  "model": "admin.logentry",
  "pk": 83,
  "fields": {
    "action_time": "2025-04-21T19:34:25.985Z",
    "user": [
      "darren"
    ],
    "content_type": [
      "boxes",
      "box"
    ],
    "object_id": "7",
    "object_repr": "Wasteland Rally - May 2025",
    "action_flag": 2,
    "change_message": "[{\"changed\": {\"fields\": [\"Image\"]}}]"
  }
},
{
  "model": "admin.logentry",
  "pk": 84,
  "fields": {
    "action_time": "2025-04-21T19:34:39.079Z",
    "user": [
      "darren"
    ],
    "content_type": [
      "boxes",
      "box"
    ],
    "object_id": "6",
    "object_repr": "Spring Offensive - Apr 2025",
    "action_flag": 2,
    "change_message": "[{\"changed\": {\"fields\": [\"Image\"]}}]"
  }
},
{
  "model": "admin.logentry",
  "pk": 85,
  "fields": {
    "action_time": "2025-04-21T19:34:50.909Z",
    "user": [
      "darren"
    ],
    "content_type": [
      "boxes",
      "box"
    ],
    "object_id": "5",
    "object_repr": "March of Iron - Mar 2025",
    "action_flag": 2,
    "change_message": "[{\"changed\": {\"fields\": [\"Image\"]}}]"
  }
},
{
  "model": "admin.logentry",
  "pk": 86,
  "fields": {
    "action_time": "2025-04-21T19:35:30.969Z",
    "user": [
      "darren"
    ],
    "content_type": [
      "boxes",
      "box"
    ],
    "object_id": "4",
    "object_repr": "Forbidden Workshop - Feb 2025",
    "action_flag": 2,
    "change_message": "[{\"changed\": {\"fields\": [\"Description\", \"Image\"]}}]"
  }
},
{
  "model": "admin.logentry",
  "pk": 87,
  "fields": {
    "action_time": "2025-04-21T19:35:45.937Z",
    "user": [
      "darren"
    ],
    "content_type": [
      "boxes",
      "box"
    ],
    "object_id": "3",
    "object_repr": "Frostfront Skirmish - Jan 2025",
    "action_flag": 2,
    "change_message": "[{\"changed\": {\"fields\": [\"Image\"]}}]"
  }
},
{
  "model": "admin.logentry",
  "pk": 88,
  "fields": {
    "action_time": "2025-04-21T19:36:16.937Z",
    "user": [
      "darren"
    ],
    "content_type": [
      "boxes",
      "boxproduct"
    ],
    "object_id": "35",
    "object_repr": "Basecoat Brush (x1)",
    "action_flag": 2,
    "change_message": "[{\"changed\": {\"fields\": [\"Image\"]}}]"
  }
},
{
  "model": "admin.logentry",
  "pk": 89,
  "fields": {
    "action_time": "2025-04-21T19:36:27.443Z",
    "user": [
      "darren"
    ],
    "content_type": [
      "boxes",
      "boxproduct"
    ],
    "object_id": "28",
    "object_repr": "Basecoat Brush (x1)",
    "action_flag": 2,
    "change_message": "[{\"changed\": {\"fields\": [\"Image\"]}}]"
  }
},
{
  "model": "admin.logentry",
  "pk": 90,
  "fields": {
    "action_time": "2025-04-21T19:36:35.503Z",
    "user": [
      "darren"
    ],
    "content_type": [
      "boxes",
      "boxproduct"
    ],
    "object_id": "48",
    "object_repr": "Drybrush (x1)",
    "action_flag": 2,
    "change_message": "[{\"changed\": {\"fields\": [\"Image\"]}}]"
  }
},
{
  "model": "admin.logentry",
  "pk": 91,
  "fields": {
    "action_time": "2025-04-21T19:36:48.884Z",
    "user": [
      "darren"
    ],
    "content_type": [
      "boxes",
      "boxproduct"
    ],
    "object_id": "40",
    "object_repr": "Drybrush (x1)",
    "action_flag": 2,
    "change_message": "[{\"changed\": {\"fields\": [\"Image\"]}}]"
  }
},
{
  "model": "admin.logentry",
  "pk": 92,
  "fields": {
    "action_time": "2025-04-21T19:36:56.183Z",
    "user": [
      "darren"
    ],
    "content_type": [
      "boxes",
      "boxproduct"
    ],
    "object_id": "24",
    "object_repr": "Drybrush (x1)",
    "action_flag": 2,
    "change_message": "[{\"changed\": {\"fields\": [\"Image\"]}}]"
  }
},
{
  "model": "admin.logentry",
  "pk": 93,
  "fields": {
    "action_time": "2025-04-21T19:37:03.220Z",
    "user": [
      "darren"
    ],
    "content_type": [
      "boxes",
      "boxproduct"
    ],
    "object_id": "46",
    "object_repr": "Fine Detail Brush (x1)",
    "action_flag": 2,
    "change_message": "[{\"changed\": {\"fields\": [\"Image\"]}}]"
  }
},
{
  "model": "admin.logentry",
  "pk": 94,
  "fields": {
    "action_time": "2025-04-21T19:37:10.736Z",
    "user": [
      "darren"
    ],
    "content_type": [
      "boxes",
      "boxproduct"
    ],
    "object_id": "34",
    "object_repr": "Fine Detail Brush (x1)",
    "action_flag": 2,
    "change_message": "[{\"changed\": {\"fields\": [\"Image\"]}}]"
  }
},
{
  "model": "admin.logentry",
  "pk": 95,
  "fields": {
    "action_time": "2025-04-21T19:37:21.281Z",
    "user": [
      "darren"
    ],
    "content_type": [
      "boxes",
      "boxproduct"
    ],
    "object_id": "22",
    "object_repr": "Fine Detail Brush (x1)",
    "action_flag": 2,
    "change_message": "[{\"changed\": {\"fields\": [\"Image\"]}}]"
  }
},
{
  "model": "admin.logentry",
  "pk": 96,
  "fields": {
    "action_time": "2025-04-21T19:37:29.047Z",
    "user": [
      "darren"
    ],
    "content_type": [
      "boxes",
      "boxproduct"
    ],
    "object_id": "33",
    "object_repr": "Frost Raider (x5)",
    "action_flag": 2,
    "change_message": "[{\"changed\": {\"fields\": [\"Image\"]}}]"
  }
},
{
  "model": "admin.logentry",
  "pk": 97,
  "fields": {
    "action_time": "2025-04-21T19:37:36.747Z",
    "user": [
      "darren"
    ],
    "content_type": [
      "boxes",
      "boxproduct"
    ],
    "object_id": "25",
    "object_repr": "Frost Raider (x4)",
    "action_flag": 2,
    "change_message": "[{\"changed\": {\"fields\": [\"Image\"]}}]"
  }
},
{
  "model": "admin.logentry",
  "pk": 98,
  "fields": {
    "action_time": "2025-04-21T19:37:46.239Z",
    "user": [
      "darren"
    ],
    "content_type": [
      "boxes",
      "boxproduct"
    ],
    "object_id": "17",
    "object_repr": "Frost Raider (x5)",
    "action_flag": 2,
    "change_message": "[{\"changed\": {\"fields\": [\"Image\"]}}]"
  }
},
{
  "model": "admin.logentry",
  "pk": 99,
  "fields": {
    "action_time": "2025-04-21T19:37:57.263Z",
    "user": [
      "darren"
    ],
    "content_type": [
      "boxes",
      "boxproduct"
    ],
    "object_id": "43",
    "object_repr": "Glacier Blue (x1)",
    "action_flag": 2,
    "change_message": "[{\"changed\": {\"fields\": [\"Image\"]}}]"
  }
},
{
  "model": "admin.logentry",
  "pk": 100,
  "fields": {
    "action_time": "2025-04-21T19:38:04.790Z",
    "user": [
      "darren"
    ],
    "content_type": [
      "boxes",
      "boxproduct"
    ],
    "object_id": "31",
    "object_repr": "Glacier Blue (x4)",
    "action_flag": 2,
    "change_message": "[{\"changed\": {\"fields\": [\"Image\"]}}]"
  }
},
{
  "model": "admin.logentry",
  "pk": 101,
  "fields": {
    "action_time": "2025-04-21T19:38:12.137Z",
    "user": [
      "darren"
    ],
    "content_type": [
      "boxes",
      "boxproduct"
    ],
    "object_id": "15",
    "object_repr": "Glacier Blue (x5)",
    "action_flag": 2,
    "change_message": "[{\"changed\": {\"fields\": [\"Image\"]}}]"
  }
},
{
  "model": "admin.logentry",
  "pk": 102,
  "fields": {
    "action_time": "2025-04-21T19:38:20.417Z",
    "user": [
      "darren"
    ],
    "content_type": [
      "boxes",
      "boxproduct"
    ],
    "object_id": "12",
    "object_repr": "Iron Juggernauts (x3)",
    "action_flag": 2,
    "change_message": "[{\"changed\": {\"fields\": [\"Image\"]}}]"
  }
},
{
  "model": "admin.logentry",
  "pk": 103,
  "fields": {
    "action_time": "2025-04-21T19:38:28.363Z",
    "user": [
      "darren"
    ],
    "content_type": [
      "boxes",
      "boxproduct"
    ],
    "object_id": "49",
    "object_repr": "Jungle Fighters (x6)",
    "action_flag": 2,
    "change_message": "[{\"changed\": {\"fields\": [\"Image\"]}}]"
  }
},
{
  "model": "admin.logentry",
  "pk": 104,
  "fields": {
    "action_time": "2025-04-21T19:38:38.255Z",
    "user": [
      "darren"
    ],
    "content_type": [
      "boxes",
      "boxproduct"
    ],
    "object_id": "30",
    "object_repr": "Jungle Green (x1)",
    "action_flag": 2,
    "change_message": "[{\"changed\": {\"fields\": [\"Image\", \"Quantity\"]}}]"
  }
},
{
  "model": "admin.logentry",
  "pk": 105,
  "fields": {
    "action_time": "2025-04-21T19:38:53.798Z",
    "user": [
      "darren"
    ],
    "content_type": [
      "boxes",
      "boxproduct"
    ],
    "object_id": "44",
    "object_repr": "Mold Line Remover (x1)",
    "action_flag": 2,
    "change_message": "[{\"changed\": {\"fields\": [\"Image\"]}}]"
  }
},
{
  "model": "admin.logentry",
  "pk": 106,
  "fields": {
    "action_time": "2025-04-21T19:39:03.711Z",
    "user": [
      "darren"
    ],
    "content_type": [
      "boxes",
      "boxproduct"
    ],
    "object_id": "42",
    "object_repr": "Mold Line Remover (x1)",
    "action_flag": 2,
    "change_message": "[{\"changed\": {\"fields\": [\"Image\"]}}]"
  }
},
{
  "model": "admin.logentry",
  "pk": 107,
  "fields": {
    "action_time": "2025-04-21T19:39:11.869Z",
    "user": [
      "darren"
    ],
    "content_type": [
      "boxes",
      "boxproduct"
    ],
    "object_id": "23",
    "object_repr": "Mold Line Remover (x1)",
    "action_flag": 2,
    "change_message": "[{\"changed\": {\"fields\": [\"Image\"]}}]"
  }
},
{
  "model": "admin.logentry",
  "pk": 108,
  "fields": {
    "action_time": "2025-04-21T19:39:19.577Z",
    "user": [
      "darren"
    ],
    "content_type": [
      "boxes",
      "boxproduct"
    ],
    "object_id": "18",
    "object_repr": "Mold Line Remover (x1)",
    "action_flag": 2,
    "change_message": "[{\"changed\": {\"fields\": [\"Image\"]}}]"
  }
},
{
  "model": "admin.logentry",
  "pk": 109,
  "fields": {
    "action_time": "2025-04-21T19:39:41.707Z",
    "user": [
      "darren"
    ],
    "content_type": [
      "boxes",
      "boxproduct"
    ],
    "object_id": "36",
    "object_repr": "Molten Steel (x1)",
    "action_flag": 2,
    "change_message": "[{\"changed\": {\"fields\": [\"Image\", \"Quantity\"]}}]"
  }
},
{
  "model": "admin.logentry",
  "pk": 110,
  "fields": {
    "action_time": "2025-04-21T19:39:53.687Z",
    "user": [
      "darren"
    ],
    "content_type": [
      "boxes",
      "boxproduct"
    ],
    "object_id": "32",
    "object_repr": "Molten Steel (x1)",
    "action_flag": 2,
    "change_message": "[{\"changed\": {\"fields\": [\"Image\", \"Quantity\"]}}]"
  }
},
{
  "model": "admin.logentry",
  "pk": 111,
  "fields": {
    "action_time": "2025-04-21T19:40:02.732Z",
    "user": [
      "darren"
    ],
    "content_type": [
      "boxes",
      "boxproduct"
    ],
    "object_id": "14",
    "object_repr": "Molten Steel (x1)",
    "action_flag": 2,
    "change_message": "[{\"changed\": {\"fields\": [\"Image\"]}}]"
  }
},
{
  "model": "admin.logentry",
  "pk": 112,
  "fields": {
    "action_time": "2025-04-21T19:40:13.384Z",
    "user": [
      "darren"
    ],
    "content_type": [
      "boxes",
      "boxproduct"
    ],
    "object_id": "41",
    "object_repr": "Pale Sand (x1)",
    "action_flag": 2,
    "change_message": "[{\"changed\": {\"fields\": [\"Image\", \"Quantity\"]}}]"
  }
},
{
  "model": "admin.logentry",
  "pk": 113,
  "fields": {
    "action_time": "2025-04-21T19:40:24.310Z",
    "user": [
      "darren"
    ],
    "content_type": [
      "boxes",
      "boxproduct"
    ],
    "object_id": "29",
    "object_repr": "Pale Sand (x1)",
    "action_flag": 2,
    "change_message": "[{\"changed\": {\"fields\": [\"Image\", \"Quantity\"]}}]"
  }
},
{
  "model": "admin.logentry",
  "pk": 114,
  "fields": {
    "action_time": "2025-04-21T19:40:39.131Z",
    "user": [
      "darren"
    ],
    "content_type": [
      "boxes",
      "boxproduct"
    ],
    "object_id": "19",
    "object_repr": "Wasteland Nomads (x3)",
    "action_flag": 2,
    "change_message": "[{\"changed\": {\"fields\": [\"Image\"]}}]"
  }
},
{
  "model": "admin.logentry",
  "pk": 115,
  "fields": {
    "action_time": "2025-04-21T19:40:46.287Z",
    "user": [
      "darren"
    ],
    "content_type": [
      "boxes",
      "boxproduct"
    ],
    "object_id": "45",
    "object_repr": "Wash Brush (x1)",
    "action_flag": 2,
    "change_message": "[{\"changed\": {\"fields\": [\"Image\"]}}]"
  }
},
{
  "model": "admin.logentry",
  "pk": 116,
  "fields": {
    "action_time": "2025-04-21T19:40:52.613Z",
    "user": [
      "darren"
    ],
    "content_type": [
      "boxes",
      "boxproduct"
    ],
    "object_id": "26",
    "object_repr": "Wash Brush (x2)",
    "action_flag": 2,
    "change_message": "[{\"changed\": {\"fields\": [\"Image\"]}}]"
  }
},
{
  "model": "admin.logentry",
  "pk": 117,
  "fields": {
    "action_time": "2025-04-21T19:41:00.382Z",
    "user": [
      "darren"
    ],
    "content_type": [
      "boxes",
      "boxproduct"
    ],
    "object_id": "20",
    "object_repr": "Tundra White (x4)",
    "action_flag": 2,
    "change_message": "[{\"changed\": {\"fields\": [\"Image\"]}}]"
  }
},
{
  "model": "admin.logentry",
  "pk": 118,
  "fields": {
    "action_time": "2025-04-21T19:41:08.656Z",
    "user": [
      "darren"
    ],
    "content_type": [
      "boxes",
      "boxproduct"
    ],
    "object_id": "47",
    "object_repr": "Toxic Waste Green (x1)",
    "action_flag": 2,
    "change_message": "[{\"changed\": {\"fields\": [\"Image\"]}}]"
  }
},
{
  "model": "admin.logentry",
  "pk": 119,
  "fields": {
    "action_time": "2025-04-21T19:41:19.774Z",
    "user": [
      "darren"
    ],
    "content_type": [
      "boxes",
      "boxproduct"
    ],
    "object_id": "27",
    "object_repr": "Toxic Waste Green (x1)",
    "action_flag": 2,
    "change_message": "[{\"changed\": {\"fields\": [\"Image\", \"Quantity\"]}}]"
  }
},
{
  "model": "admin.logentry",
  "pk": 120,
  "fields": {
    "action_time": "2025-04-21T19:41:32.069Z",
    "user": [
      "darren"
    ],
    "content_type": [
      "boxes",
      "boxproduct"
    ],
    "object_id": "16",
    "object_repr": "Toxic Waste Green (x1)",
    "action_flag": 2,
    "change_message": "[{\"changed\": {\"fields\": [\"Image\", \"Quantity\"]}}]"
  }
},
{
  "model": "admin.logentry",
  "pk": 121,
  "fields": {
    "action_time": "2025-04-21T19:41:42.665Z",
    "user": [
      "darren"
    ],
    "content_type": [
      "boxes",
      "boxproduct"
    ],
    "object_id": "38",
    "object_repr": "Scrap Golem (x2)",
    "action_flag": 2,
    "change_message": "[{\"changed\": {\"fields\": [\"Image\"]}}]"
  }
},
{
  "model": "admin.logentry",
  "pk": 122,
  "fields": {
    "action_time": "2025-04-21T19:41:53.967Z",
    "user": [
      "darren"
    ],
    "content_type": [
      "boxes",
      "boxproduct"
    ],
    "object_id": "37",
    "object_repr": "Precision File (x1)",
    "action_flag": 2,
    "change_message": "[{\"changed\": {\"fields\": [\"Image\"]}}]"
  }
},
{
  "model": "admin.logentry",
  "pk": 123,
  "fields": {
    "action_time": "2025-04-21T19:42:08.652Z",
    "user": [
      "darren"
    ],
    "content_type": [
      "boxes",
      "boxproduct"
    ],
    "object_id": "13",
    "object_repr": "Precision File (x1)",
    "action_flag": 2,
    "change_message": "[{\"changed\": {\"fields\": [\"Image\"]}}]"
  }
},
{
  "model": "admin.logentry",
  "pk": 124,
  "fields": {
    "action_time": "2025-04-21T19:42:17.498Z",
    "user": [
      "darren"
    ],
    "content_type": [
      "boxes",
      "boxproduct"
    ],
    "object_id": "50",
    "object_repr": "Pin Vise Drill (x1)",
    "action_flag": 2,
    "change_message": "[{\"changed\": {\"fields\": [\"Image\"]}}]"
  }
},
{
  "model": "admin.logentry",
  "pk": 125,
  "fields": {
    "action_time": "2025-04-21T19:42:28.104Z",
    "user": [
      "darren"
    ],
    "content_type": [
      "boxes",
      "boxproduct"
    ],
    "object_id": "39",
    "object_repr": "Pin Vise Drill (x1)",
    "action_flag": 2,
    "change_message": "[{\"changed\": {\"fields\": [\"Image\"]}}]"
  }
},
{
  "model": "admin.logentry",
  "pk": 126,
  "fields": {
    "action_time": "2025-04-21T19:42:37.279Z",
    "user": [
      "darren"
    ],
    "content_type": [
      "boxes",
      "boxproduct"
    ],
    "object_id": "21",
    "object_repr": "Pin Vise Drill (x1)",
    "action_flag": 2,
    "change_message": "[{\"changed\": {\"fields\": [\"Image\"]}}]"
  }
},
{
  "model": "admin.logentry",
  "pk": 127,
  "fields": {
    "action_time": "2025-04-21T19:42:45.464Z",
    "user": [
      "darren"
    ],
    "content_type": [
      "boxes",
      "boxproduct"
    ],
    "object_id": "11",
    "object_repr": "Pin Vise Drill (x1)",
    "action_flag": 2,
    "change_message": "[{\"changed\": {\"fields\": [\"Image\"]}}]"
  }
}
]
